{
    "train": {
        "loss": [
            1.960071894990739,
            1.9514073750481533,
            1.9524410543729311,
            1.950690128096384,
            1.9488625873872383,
            1.9484922071198123,
            1.9482826665418231,
            1.9480346417307255,
            1.9468808563510378,
            1.9470210590554242,
            1.947307640583671,
            1.9468900073113753,
            1.9470544945654558,
            1.9462626208013027,
            1.9467265078769855,
            1.9462334726324033,
            1.945772365709046,
            1.9457899230209428,
            1.946271744205724,
            1.9458574014692451,
            1.9461865952266522,
            1.9464184722708697,
            1.945555158595943,
            1.9458061582479045,
            1.9456792572634902,
            1.9458457027847444,
            1.9452520680786975,
            1.9450540213129628,
            1.945609995468178,
            1.9453115846643496
        ],
        "accuracy": [
            0.1371069182389937,
            0.13584905660377358,
            0.1270440251572327,
            0.13333333333333333,
            0.13333333333333333,
            0.13459119496855346,
            0.13081761006289308,
            0.12830188679245283,
            0.1320754716981132,
            0.11823899371069183,
            0.12327044025157233,
            0.15220125786163521,
            0.12955974842767295,
            0.12830188679245283,
            0.12075471698113208,
            0.12578616352201258,
            0.13333333333333333,
            0.1220125786163522,
            0.14465408805031446,
            0.14842767295597484,
            0.1509433962264151,
            0.13836477987421383,
            0.13459119496855346,
            0.13333333333333333,
            0.13962264150943396,
            0.13081761006289308,
            0.13836477987421383,
            0.14339622641509434,
            0.13333333333333333,
            0.14339622641509434
        ],
        "f1": [
            0.11304390285859323,
            0.09867540792472203,
            0.06868606346202114,
            0.11091539903344168,
            0.08648043831582777,
            0.1010338637483635,
            0.09644258862624894,
            0.08989019037011763,
            0.07579270377311065,
            0.09677396186027912,
            0.06868525342322655,
            0.08974665296764599,
            0.08667331366692482,
            0.07158841456328527,
            0.0778272132161872,
            0.07646984554851134,
            0.08405788186008822,
            0.09511819062168295,
            0.0920952808999367,
            0.06474711557242685,
            0.09839239653729896,
            0.06730453431954368,
            0.0853470727503197,
            0.08535925605078828,
            0.05829706470284918,
            0.09994825867467658,
            0.06182895720029434,
            0.06020506950213803,
            0.08216788744081716,
            0.06294603738832776
        ]
    },
    "val": {
        "loss": [
            1.973610179424286,
            1.982146978378296,
            1.959513132572174,
            1.9655949020385741,
            1.9664207220077514,
            1.9588757514953614,
            1.961094605922699,
            1.9649805331230163,
            1.96492116689682,
            1.9631939315795899,
            1.9573364973068237,
            1.9608315277099608,
            1.9594703006744385,
            1.968354995250702,
            1.964308772087097,
            1.9629440760612489,
            1.9601310324668884,
            1.9732312726974488,
            1.965502269268036,
            1.9612905812263488,
            1.9583402872085571,
            1.963579752445221,
            1.9621963453292848,
            1.9632748913764955,
            1.9625256609916688,
            1.9635467791557313,
            1.9621339702606202,
            1.9605057168006896,
            1.9604302334785462,
            1.9617212414741516
        ],
        "accuracy": [
            0.1306532663316583,
            0.12060301507537688,
            0.135678391959799,
            0.11557788944723618,
            0.1306532663316583,
            0.12562814070351758,
            0.11557788944723618,
            0.11557788944723618,
            0.135678391959799,
            0.12060301507537688,
            0.11557788944723618,
            0.11557788944723618,
            0.12060301507537688,
            0.12060301507537688,
            0.11557788944723618,
            0.12060301507537688,
            0.12562814070351758,
            0.1306532663316583,
            0.12060301507537688,
            0.1306532663316583,
            0.12060301507537688,
            0.12562814070351758,
            0.12060301507537688,
            0.12060301507537688,
            0.11557788944723618,
            0.12060301507537688,
            0.11557788944723618,
            0.11557788944723618,
            0.11557788944723618,
            0.12060301507537688
        ],
        "f1": [
            0.03019542155220547,
            0.025959393379453324,
            0.03241873082225286,
            0.023948571687265153,
            0.03019542155220547,
            0.028041995692749462,
            0.023948571687265153,
            0.023948571687265153,
            0.03241873082225286,
            0.025959393379453324,
            0.023948571687265153,
            0.023948571687265153,
            0.025959393379453324,
            0.025959393379453324,
            0.023948571687265153,
            0.025959393379453324,
            0.028041995692749462,
            0.03019542155220547,
            0.025959393379453324,
            0.03019542155220547,
            0.025959393379453324,
            0.028041995692749462,
            0.025959393379453324,
            0.025959393379453324,
            0.023948571687265153,
            0.025959393379453324,
            0.023948571687265153,
            0.023948571687265153,
            0.023948571687265153,
            0.025959393379453324
        ]
    }
}