{
    "train": {
        "loss": [
            1.9466830887387145,
            1.9310937598722064,
            1.916970346441221,
            1.8995962831842241,
            1.8840894345662103,
            1.8705952359204316,
            1.8463811425108407,
            1.8160609563990453,
            1.7849968869482453,
            1.7412859441047936,
            1.6933554644560693,
            1.625366654827367,
            1.5560462408928415,
            1.4538660127313892,
            1.3731364922307843,
            1.2789413964928096,
            1.2059492361006425,
            1.1257782617406031,
            1.0420952894579825,
            1.0098187156658076,
            0.9776224844419776,
            0.9479650447716066,
            0.9311690618045366,
            0.933976403133354,
            0.9153332824084028,
            0.8940225387338417,
            0.8898802378668857,
            0.8986040737161685,
            0.9031998035895764,
            0.8776913252308141
        ],
        "accuracy": [
            0.1459119496855346,
            0.2138364779874214,
            0.20628930817610064,
            0.24025157232704403,
            0.2679245283018868,
            0.2779874213836478,
            0.30943396226415093,
            0.3232704402515723,
            0.3610062893081761,
            0.4037735849056604,
            0.4377358490566038,
            0.49559748427672956,
            0.5421383647798742,
            0.6716981132075471,
            0.7245283018867924,
            0.7962264150943397,
            0.8515723270440252,
            0.8905660377358491,
            0.9509433962264151,
            0.9484276729559749,
            0.959748427672956,
            0.969811320754717,
            0.9786163522012579,
            0.9672955974842767,
            0.9786163522012579,
            0.9849056603773585,
            0.9874213836477987,
            0.9710691823899371,
            0.9635220125786164,
            0.979874213836478
        ],
        "f1": [
            0.09985496392619664,
            0.17438421352040748,
            0.19409317233581685,
            0.2173348060805771,
            0.24335171768872949,
            0.2613055046876257,
            0.2962460990917814,
            0.2992716454628904,
            0.33959549463784894,
            0.3848679479681489,
            0.4117546082098878,
            0.47054687790700406,
            0.5150716441266597,
            0.6553655068605722,
            0.7154268929319053,
            0.7915348440930917,
            0.8496748818146265,
            0.8896906775591573,
            0.9507408230993839,
            0.9484123689731302,
            0.9597476328190299,
            0.9697860923200703,
            0.9786188935900889,
            0.9673686550111996,
            0.9785675669187451,
            0.9849253944527381,
            0.9874290050379981,
            0.971155549519885,
            0.9634992725443453,
            0.9798266438804403
        ]
    },
    "val": {
        "loss": [
            1.9418161749839782,
            1.9364081001281739,
            1.9419664025306702,
            1.9390968561172486,
            1.9358975052833558,
            1.9289292097091675,
            1.9499235701560975,
            1.942955460548401,
            1.936355230808258,
            1.933538088798523,
            1.9793552613258363,
            1.9315865159034729,
            1.96554062128067,
            1.9346621537208557,
            1.9550128149986268,
            1.9551141023635865,
            1.954015121459961,
            1.9468500471115113,
            1.9695007348060607,
            1.9420181488990784,
            2.0113993382453916,
            1.9183051705360412,
            1.9193132281303407,
            1.9918573355674745,
            2.03257835149765,
            1.9420950078964234,
            1.9827164149284362,
            2.0053506326675414,
            1.9559114718437194,
            1.992298529148102
        ],
        "accuracy": [
            0.135678391959799,
            0.20100502512562815,
            0.15577889447236182,
            0.17587939698492464,
            0.20603015075376885,
            0.19597989949748743,
            0.23618090452261306,
            0.25125628140703515,
            0.22110552763819097,
            0.23115577889447236,
            0.24120603015075376,
            0.22110552763819097,
            0.19597989949748743,
            0.2562814070351759,
            0.25125628140703515,
            0.24120603015075376,
            0.25125628140703515,
            0.27638190954773867,
            0.24120603015075376,
            0.2562814070351759,
            0.21608040201005024,
            0.2864321608040201,
            0.2914572864321608,
            0.23618090452261306,
            0.24120603015075376,
            0.2914572864321608,
            0.2663316582914573,
            0.24120603015075376,
            0.3015075376884422,
            0.2663316582914573
        ],
        "f1": [
            0.08210656581233708,
            0.15632701228799015,
            0.12007082455661124,
            0.12745422438953902,
            0.19048139411573065,
            0.18161824575754268,
            0.20332876248242215,
            0.2209758718719198,
            0.22176534870857545,
            0.22827745864739615,
            0.21674937546066053,
            0.20145154797816453,
            0.1833588231010123,
            0.2345966844280709,
            0.2384314759751061,
            0.23440419141929258,
            0.22566078907542322,
            0.26937130543718474,
            0.2308965764835314,
            0.25266234413616967,
            0.202382272513294,
            0.2880370247252388,
            0.28908777609822006,
            0.23246625310373648,
            0.22688193590105055,
            0.29087279404088334,
            0.2628158808908985,
            0.2364769476842209,
            0.3002126950353985,
            0.263473212783567
        ]
    }
}